"aeid","aenm"
2,"ACEA_ER_80hr"
3,"APR_HepG2_CellCycleArrest_1h_dn"
4,"APR_HepG2_CellCycleArrest_1h_up"
5,"APR_HepG2_CellLoss_1h_dn"
6,"APR_HepG2_CellLoss_1h_up"
7,"APR_HepG2_MicrotubuleCSK_1h_dn"
8,"APR_HepG2_MicrotubuleCSK_1h_up"
9,"APR_HepG2_MitoMass_1h_dn"
10,"APR_HepG2_MitoMass_1h_up"
11,"APR_HepG2_MitoMembPot_1h_dn"
12,"APR_HepG2_MitoMembPot_1h_up"
13,"APR_HepG2_MitoticArrest_1h_dn"
14,"APR_HepG2_MitoticArrest_1h_up"
15,"APR_HepG2_NuclearSize_1h_dn"
16,"APR_HepG2_NuclearSize_1h_up"
17,"APR_HepG2_OxidativeStress_1h_dn"
18,"APR_HepG2_OxidativeStress_1h_up"
19,"APR_HepG2_p53Act_1h_dn"
20,"APR_HepG2_p53Act_1h_up"
21,"APR_HepG2_StressKinase_1h_dn"
22,"APR_HepG2_StressKinase_1h_up"
23,"APR_HepG2_CellCycleArrest_24h_dn"
24,"APR_HepG2_CellCycleArrest_24h_up"
25,"APR_HepG2_CellLoss_24h_dn"
26,"APR_HepG2_CellLoss_24h_up"
27,"APR_HepG2_MicrotubuleCSK_24h_dn"
28,"APR_HepG2_MicrotubuleCSK_24h_up"
29,"APR_HepG2_MitoMass_24h_dn"
30,"APR_HepG2_MitoMass_24h_up"
31,"APR_HepG2_MitoMembPot_24h_dn"
32,"APR_HepG2_MitoMembPot_24h_up"
33,"APR_HepG2_MitoticArrest_24h_dn"
34,"APR_HepG2_MitoticArrest_24h_up"
35,"APR_HepG2_NuclearSize_24h_dn"
36,"APR_HepG2_NuclearSize_24h_up"
37,"APR_HepG2_OxidativeStress_24h_dn"
38,"APR_HepG2_OxidativeStress_24h_up"
39,"APR_HepG2_p53Act_24h_dn"
40,"APR_HepG2_p53Act_24h_up"
41,"APR_HepG2_StressKinase_24h_dn"
42,"APR_HepG2_StressKinase_24h_up"
43,"APR_HepG2_CellCycleArrest_72h_dn"
44,"APR_HepG2_CellCycleArrest_72h_up"
45,"APR_HepG2_CellLoss_72h_dn"
46,"APR_HepG2_CellLoss_72h_up"
47,"APR_HepG2_MicrotubuleCSK_72h_dn"
48,"APR_HepG2_MicrotubuleCSK_72h_up"
49,"APR_HepG2_MitoMass_72h_dn"
50,"APR_HepG2_MitoMass_72h_up"
51,"APR_HepG2_MitoMembPot_72h_dn"
52,"APR_HepG2_MitoMembPot_72h_up"
53,"APR_HepG2_MitoticArrest_72h_dn"
54,"APR_HepG2_MitoticArrest_72h_up"
55,"APR_HepG2_NuclearSize_72h_dn"
56,"APR_HepG2_NuclearSize_72h_up"
57,"APR_HepG2_OxidativeStress_72h_dn"
58,"APR_HepG2_OxidativeStress_72h_up"
59,"APR_HepG2_p53Act_72h_dn"
60,"APR_HepG2_p53Act_72h_up"
61,"APR_HepG2_StressKinase_72h_dn"
62,"APR_HepG2_StressKinase_72h_up"
63,"ATG_Ahr_CIS_up"
64,"ATG_AP_1_CIS_up"
65,"ATG_AP_2_CIS_up"
66,"ATG_BRE_CIS_up"
67,"ATG_C_EBP_CIS_up"
68,"ATG_CMV_CIS_up"
69,"ATG_CRE_CIS_up"
70,"ATG_DR4_LXR_CIS_up"
71,"ATG_DR5_CIS_up"
72,"ATG_E_Box_CIS_up"
73,"ATG_E2F_CIS_up"
74,"ATG_EGR_CIS_up"
75,"ATG_ERE_CIS_up"
76,"ATG_Ets_CIS_up"
77,"ATG_FoxA2_CIS_up"
78,"ATG_FoxO_CIS_up"
79,"ATG_GATA_CIS_up"
80,"ATG_GLI_CIS_up"
81,"ATG_GRE_CIS_up"
82,"ATG_HIF1a_CIS_up"
83,"ATG_HNF6_CIS_up"
84,"ATG_HSE_CIS_up"
85,"ATG_IR1_CIS_up"
86,"ATG_ISRE_CIS_up"
87,"ATG_M_06_CIS_up"
88,"ATG_M_19_CIS_up"
89,"ATG_M_32_CIS_up"
90,"ATG_M_61_CIS_up"
91,"ATG_MRE_CIS_up"
92,"ATG_Myb_CIS_up"
93,"ATG_Myc_CIS_up"
94,"ATG_NF_kB_CIS_up"
95,"ATG_NFI_CIS_up"
96,"ATG_NRF1_CIS_up"
97,"ATG_NRF2_ARE_CIS_up"
98,"ATG_Oct_MLP_CIS_up"
99,"ATG_p53_CIS_up"
100,"ATG_Pax6_CIS_up"
101,"ATG_PBREM_CIS_up"
102,"ATG_PPRE_CIS_up"
103,"ATG_PXRE_CIS_up"
104,"ATG_RORE_CIS_up"
105,"ATG_Sox_CIS_up"
106,"ATG_Sp1_CIS_up"
107,"ATG_SREBP_CIS_up"
108,"ATG_STAT3_CIS_up"
109,"ATG_TA_CIS_up"
110,"ATG_TAL_CIS_up"
111,"ATG_TCF_b_cat_CIS_up"
112,"ATG_TGFb_CIS_up"
113,"ATG_VDRE_CIS_up"
114,"ATG_Xbp1_CIS_up"
115,"ATG_AR_TRANS_up"
116,"ATG_CAR_TRANS_up"
117,"ATG_ERa_TRANS_up"
118,"ATG_ERRa_TRANS_up"
119,"ATG_ERRg_TRANS_up"
120,"ATG_FXR_TRANS_up"
121,"ATG_GAL4_TRANS_up"
122,"ATG_GR_TRANS_up"
123,"ATG_HNF4a_TRANS_up"
124,"ATG_Hpa5_TRANS_up"
125,"ATG_LXRa_TRANS_up"
126,"ATG_LXRb_TRANS_up"
127,"ATG_M_06_TRANS_up"
128,"ATG_M_19_TRANS_up"
129,"ATG_M_32_TRANS_up"
130,"ATG_M_61_TRANS_up"
131,"ATG_NURR1_TRANS_up"
132,"ATG_PPARa_TRANS_up"
133,"ATG_PPARd_TRANS_up"
134,"ATG_PPARg_TRANS_up"
135,"ATG_PXR_TRANS_up"
136,"ATG_RARa_TRANS_up"
137,"ATG_RARb_TRANS_up"
138,"ATG_RARg_TRANS_up"
139,"ATG_RORb_TRANS_up"
140,"ATG_RORg_TRANS_up"
141,"ATG_RXRa_TRANS_up"
142,"ATG_RXRb_TRANS_up"
143,"ATG_THRa1_TRANS_up"
144,"ATG_VDR_TRANS_up"
145,"BSK_3C_Eselectin_down"
146,"BSK_3C_Eselectin_up"
147,"BSK_3C_HLADR_down"
148,"BSK_3C_HLADR_up"
149,"BSK_3C_ICAM1_down"
150,"BSK_3C_ICAM1_up"
151,"BSK_3C_IL8_down"
152,"BSK_3C_IL8_up"
153,"BSK_3C_MCP1_down"
154,"BSK_3C_MCP1_up"
155,"BSK_3C_MIG_down"
156,"BSK_3C_MIG_up"
157,"BSK_3C_Proliferation_down"
158,"BSK_3C_Proliferation_up"
159,"BSK_3C_SRB_down"
160,"BSK_3C_SRB_up"
161,"BSK_3C_Thrombomodulin_down"
162,"BSK_3C_Thrombomodulin_up"
163,"BSK_3C_TissueFactor_down"
164,"BSK_3C_TissueFactor_up"
165,"BSK_3C_uPAR_down"
166,"BSK_3C_uPAR_up"
167,"BSK_3C_VCAM1_down"
168,"BSK_3C_VCAM1_up"
169,"BSK_3C_Vis_down"
170,"BSK_3C_Vis_up"
171,"BSK_4H_Eotaxin3_down"
172,"BSK_4H_Eotaxin3_up"
173,"BSK_4H_MCP1_down"
174,"BSK_4H_MCP1_up"
175,"BSK_4H_Pselectin_down"
176,"BSK_4H_Pselectin_up"
177,"BSK_4H_SRB_down"
178,"BSK_4H_SRB_up"
179,"BSK_4H_uPAR_down"
180,"BSK_4H_uPAR_up"
181,"BSK_4H_VCAM1_down"
182,"BSK_4H_VCAM1_up"
183,"BSK_4H_VEGFRII_down"
184,"BSK_4H_VEGFRII_up"
185,"BSK_BE3C_HLADR_down"
186,"BSK_BE3C_HLADR_up"
187,"BSK_BE3C_IL1a_down"
188,"BSK_BE3C_IL1a_up"
189,"BSK_BE3C_IP10_down"
190,"BSK_BE3C_IP10_up"
191,"BSK_BE3C_MIG_down"
192,"BSK_BE3C_MIG_up"
193,"BSK_BE3C_MMP1_down"
194,"BSK_BE3C_MMP1_up"
195,"BSK_BE3C_PAI1_down"
196,"BSK_BE3C_PAI1_up"
197,"BSK_BE3C_SRB_down"
198,"BSK_BE3C_SRB_up"
199,"BSK_BE3C_TGFb1_down"
200,"BSK_BE3C_TGFb1_up"
201,"BSK_BE3C_tPA_down"
202,"BSK_BE3C_tPA_up"
203,"BSK_BE3C_uPA_down"
204,"BSK_BE3C_uPA_up"
205,"BSK_BE3C_uPAR_down"
206,"BSK_BE3C_uPAR_up"
207,"BSK_CASM3C_HLADR_down"
208,"BSK_CASM3C_HLADR_up"
209,"BSK_CASM3C_IL6_down"
210,"BSK_CASM3C_IL6_up"
211,"BSK_CASM3C_IL8_down"
212,"BSK_CASM3C_IL8_up"
213,"BSK_CASM3C_LDLR_down"
214,"BSK_CASM3C_LDLR_up"
215,"BSK_CASM3C_MCP1_down"
216,"BSK_CASM3C_MCP1_up"
217,"BSK_CASM3C_MCSF_down"
218,"BSK_CASM3C_MCSF_up"
219,"BSK_CASM3C_MIG_down"
220,"BSK_CASM3C_MIG_up"
221,"BSK_CASM3C_Proliferation_down"
222,"BSK_CASM3C_Proliferation_up"
223,"BSK_CASM3C_SAA_down"
224,"BSK_CASM3C_SAA_up"
225,"BSK_CASM3C_SRB_down"
226,"BSK_CASM3C_SRB_up"
227,"BSK_CASM3C_Thrombomodulin_down"
228,"BSK_CASM3C_Thrombomodulin_up"
229,"BSK_CASM3C_TissueFactor_down"
230,"BSK_CASM3C_TissueFactor_up"
231,"BSK_CASM3C_uPAR_down"
232,"BSK_CASM3C_uPAR_up"
233,"BSK_CASM3C_VCAM1_down"
234,"BSK_CASM3C_VCAM1_up"
235,"BSK_hDFCGF_CollagenIII_down"
236,"BSK_hDFCGF_CollagenIII_up"
237,"BSK_hDFCGF_EGFR_down"
238,"BSK_hDFCGF_EGFR_up"
239,"BSK_hDFCGF_IL8_down"
240,"BSK_hDFCGF_IL8_up"
241,"BSK_hDFCGF_IP10_down"
242,"BSK_hDFCGF_IP10_up"
243,"BSK_hDFCGF_MCSF_down"
244,"BSK_hDFCGF_MCSF_up"
245,"BSK_hDFCGF_MIG_down"
246,"BSK_hDFCGF_MIG_up"
247,"BSK_hDFCGF_MMP1_down"
248,"BSK_hDFCGF_MMP1_up"
249,"BSK_hDFCGF_PAI1_down"
250,"BSK_hDFCGF_PAI1_up"
251,"BSK_hDFCGF_Proliferation_down"
252,"BSK_hDFCGF_Proliferation_up"
253,"BSK_hDFCGF_SRB_down"
254,"BSK_hDFCGF_SRB_up"
255,"BSK_hDFCGF_TIMP1_down"
256,"BSK_hDFCGF_TIMP1_up"
257,"BSK_hDFCGF_VCAM1_down"
258,"BSK_hDFCGF_VCAM1_up"
259,"BSK_KF3CT_ICAM1_down"
260,"BSK_KF3CT_ICAM1_up"
261,"BSK_KF3CT_IL1a_down"
262,"BSK_KF3CT_IL1a_up"
263,"BSK_KF3CT_IP10_down"
264,"BSK_KF3CT_IP10_up"
265,"BSK_KF3CT_MCP1_down"
266,"BSK_KF3CT_MCP1_up"
267,"BSK_KF3CT_MMP9_down"
268,"BSK_KF3CT_MMP9_up"
269,"BSK_KF3CT_SRB_down"
270,"BSK_KF3CT_SRB_up"
271,"BSK_KF3CT_TGFb1_down"
272,"BSK_KF3CT_TGFb1_up"
273,"BSK_KF3CT_TIMP2_down"
274,"BSK_KF3CT_TIMP2_up"
275,"BSK_KF3CT_uPA_down"
276,"BSK_KF3CT_uPA_up"
277,"BSK_LPS_CD40_down"
278,"BSK_LPS_CD40_up"
279,"BSK_LPS_Eselectin_down"
280,"BSK_LPS_Eselectin_up"
281,"BSK_LPS_IL1a_down"
282,"BSK_LPS_IL1a_up"
283,"BSK_LPS_IL8_down"
284,"BSK_LPS_IL8_up"
285,"BSK_LPS_MCP1_down"
286,"BSK_LPS_MCP1_up"
287,"BSK_LPS_MCSF_down"
288,"BSK_LPS_MCSF_up"
289,"BSK_LPS_PGE2_down"
290,"BSK_LPS_PGE2_up"
291,"BSK_LPS_SRB_down"
292,"BSK_LPS_SRB_up"
293,"BSK_LPS_TissueFactor_down"
294,"BSK_LPS_TissueFactor_up"
295,"BSK_LPS_TNFa_down"
296,"BSK_LPS_TNFa_up"
297,"BSK_LPS_VCAM1_down"
298,"BSK_LPS_VCAM1_up"
299,"BSK_SAg_CD38_down"
300,"BSK_SAg_CD38_up"
301,"BSK_SAg_CD40_down"
302,"BSK_SAg_CD40_up"
303,"BSK_SAg_CD69_down"
304,"BSK_SAg_CD69_up"
305,"BSK_SAg_Eselectin_down"
306,"BSK_SAg_Eselectin_up"
307,"BSK_SAg_IL8_down"
308,"BSK_SAg_IL8_up"
309,"BSK_SAg_MCP1_down"
310,"BSK_SAg_MCP1_up"
311,"BSK_SAg_MIG_down"
312,"BSK_SAg_MIG_up"
313,"BSK_SAg_PBMCCytotoxicity_down"
314,"BSK_SAg_PBMCCytotoxicity_up"
315,"BSK_SAg_Proliferation_down"
316,"BSK_SAg_Proliferation_up"
317,"BSK_SAg_SRB_down"
318,"BSK_SAg_SRB_up"
319,"NVS_ADME_hCYP19A1"
320,"NVS_ADME_hCYP19A1_Activator"
321,"NVS_ADME_hCYP1A1"
322,"NVS_ADME_hCYP1A1_Activator"
323,"NVS_ADME_hCYP1A2"
324,"NVS_ADME_hCYP1A2_Activator"
325,"NVS_ADME_hCYP1B1"
326,"NVS_ADME_hCYP1B1_Activator"
327,"NVS_ADME_hCYP2A6"
328,"NVS_ADME_hCYP2A6_Activator"
329,"NVS_ADME_hCYP2B6"
330,"NVS_ADME_hCYP2B6_Activator"
331,"NVS_ADME_hCYP2C18"
332,"NVS_ADME_hCYP2C18_Activator"
333,"NVS_ADME_hCYP2C19"
334,"NVS_ADME_hCYP2C19_Activator"
335,"NVS_ADME_hCYP2C8"
336,"NVS_ADME_hCYP2C8_Activator"
337,"NVS_ADME_hCYP2C9"
338,"NVS_ADME_hCYP2C9_Activator"
339,"NVS_ADME_hCYP2D6"
340,"NVS_ADME_hCYP2D6_Activator"
341,"NVS_ADME_hCYP2E1"
342,"NVS_ADME_hCYP2E1_Activator"
343,"NVS_ADME_hCYP2J2"
344,"NVS_ADME_hCYP2J2_Activator"
345,"NVS_ADME_hCYP3A4"
346,"NVS_ADME_hCYP3A4_Activator"
347,"NVS_ADME_hCYP3A5"
348,"NVS_ADME_hCYP3A5_Activator"
349,"NVS_ADME_hCYP4F12"
350,"NVS_ADME_hCYP4F12_Activator"
351,"NVS_ADME_rCYP1A1"
352,"NVS_ADME_rCYP1A1_Activator"
353,"NVS_ADME_rCYP1A2"
354,"NVS_ADME_rCYP1A2_Activator"
355,"NVS_ADME_rCYP2A1"
356,"NVS_ADME_rCYP2A1_Activator"
357,"NVS_ADME_rCYP2A2"
358,"NVS_ADME_rCYP2A2_Activator"
359,"NVS_ADME_rCYP2B1"
360,"NVS_ADME_rCYP2B1_Activator"
361,"NVS_ADME_rCYP2C11"
362,"NVS_ADME_rCYP2C11_Activator"
363,"NVS_ADME_rCYP2C12"
364,"NVS_ADME_rCYP2C12_Activator"
365,"NVS_ADME_rCYP2C13"
366,"NVS_ADME_rCYP2C13_Activator"
367,"NVS_ADME_rCYP2C6"
368,"NVS_ADME_rCYP2C6_Activator"
369,"NVS_ADME_rCYP2D1"
370,"NVS_ADME_rCYP2D1_Activator"
371,"NVS_ADME_rCYP2D2"
372,"NVS_ADME_rCYP2D2_Activator"
373,"NVS_ADME_rCYP2E1"
374,"NVS_ADME_rCYP2E1_Activator"
375,"NVS_ADME_rCYP3A1"
376,"NVS_ADME_rCYP3A1_Activator"
377,"NVS_ADME_rCYP3A2"
378,"NVS_ADME_rCYP3A2_Activator"
379,"NVS_ENZ_hAbl"
380,"NVS_ENZ_hAbl_Activator"
381,"NVS_ENZ_hAChE"
382,"NVS_ENZ_hAChE_Activator"
383,"NVS_ENZ_hACP1"
384,"NVS_ENZ_hACP1_Activator"
385,"NVS_ENZ_hAKT1"
386,"NVS_ENZ_hAKT1_Activator"
387,"NVS_ENZ_hAKT2"
388,"NVS_ENZ_hAKT2_Activator"
389,"NVS_ENZ_hAKT3"
390,"NVS_ENZ_hAKT3_Activator"
391,"NVS_ENZ_hAMPKa1"
392,"NVS_ENZ_hAMPKa1_Activator"
393,"NVS_ENZ_hAurA"
394,"NVS_ENZ_hAurA_Activator"
395,"NVS_ENZ_hBACE"
396,"NVS_ENZ_hBACE_Activator"
397,"NVS_ENZ_hBTK"
398,"NVS_ENZ_hBTK_Activator"
399,"NVS_ENZ_hCASP1"
400,"NVS_ENZ_hCASP1_Activator"
401,"NVS_ENZ_hCASP10"
402,"NVS_ENZ_hCASP10_Activator"
403,"NVS_ENZ_hCASP2"
404,"NVS_ENZ_hCASP2_Activator"
405,"NVS_ENZ_hCASP3"
406,"NVS_ENZ_hCASP3_Activator"
407,"NVS_ENZ_hCASP4"
408,"NVS_ENZ_hCASP4_Activator"
409,"NVS_ENZ_hCASP5"
410,"NVS_ENZ_hCASP5_Activator"
411,"NVS_ENZ_hCASP8"
412,"NVS_ENZ_hCASP8_Activator"
413,"NVS_ENZ_hCDK2"
414,"NVS_ENZ_hCDK2_Activator"
415,"NVS_ENZ_hCDK6"
416,"NVS_ENZ_hCDK6_Activator"
417,"NVS_ENZ_hCHK1"
418,"NVS_ENZ_hCHK1_Activator"
419,"NVS_ENZ_hCK1a"
420,"NVS_ENZ_hCK1a_Activator"
421,"NVS_ENZ_hCK1D"
422,"NVS_ENZ_hCK1D_Activator"
423,"NVS_ENZ_hCK2a2b2"
424,"NVS_ENZ_hCK2a2b2_Activator"
425,"NVS_ENZ_hCSF1R"
426,"NVS_ENZ_hCSF1R_Activator"
427,"NVS_ENZ_hDUSP3"
428,"NVS_ENZ_hDUSP3_Activator"
429,"NVS_ENZ_hEGFR"
430,"NVS_ENZ_hEGFR_Activator"
431,"NVS_ENZ_hElastase"
432,"NVS_ENZ_hElastase_Activator"
433,"NVS_ENZ_hEphA1"
434,"NVS_ENZ_hEphA1_Activator"
435,"NVS_ENZ_hEphA2"
436,"NVS_ENZ_hEphA2_Activator"
437,"NVS_ENZ_hEphB1"
438,"NVS_ENZ_hEphB1_Activator"
439,"NVS_ENZ_hEphB2"
440,"NVS_ENZ_hEphB2_Activator"
441,"NVS_ENZ_hES"
442,"NVS_ENZ_hES_Activator"
443,"NVS_ENZ_hFGFR1"
444,"NVS_ENZ_hFGFR1_Activator"
445,"NVS_ENZ_hFGFR3"
446,"NVS_ENZ_hFGFR3_Activator"
447,"NVS_ENZ_hFyn"
448,"NVS_ENZ_hFyn_Activator"
449,"NVS_ENZ_hGSK3b"
450,"NVS_ENZ_hGSK3b_Activator"
451,"NVS_ENZ_hHDAC3"
452,"NVS_ENZ_hHDAC3_Activator"
453,"NVS_ENZ_hHDAC6"
454,"NVS_ENZ_hHDAC6_Activator"
455,"NVS_ENZ_hIGF1R"
456,"NVS_ENZ_hIGF1R_Activator"
457,"NVS_ENZ_hIKKa"
458,"NVS_ENZ_hIKKa_Activator"
459,"NVS_ENZ_hInsR"
460,"NVS_ENZ_hInsR_Activator"
461,"NVS_ENZ_hIRAK4"
462,"NVS_ENZ_hIRAK4_Activator"
463,"NVS_ENZ_hJak2"
464,"NVS_ENZ_hJak2_Activator"
465,"NVS_ENZ_hJNK2"
466,"NVS_ENZ_hJNK2_Activator"
467,"NVS_ENZ_hLck"
468,"NVS_ENZ_hLck_Activator"
469,"NVS_ENZ_hLynA"
470,"NVS_ENZ_hLynA_Activator"
471,"NVS_ENZ_hLynB"
472,"NVS_ENZ_hLynB_Activator"
473,"NVS_ENZ_hMAPK1"
474,"NVS_ENZ_hMAPK1_Activator"
475,"NVS_ENZ_hMAPK11"
476,"NVS_ENZ_hMAPK11_Activator"
477,"NVS_ENZ_hMAPK3"
478,"NVS_ENZ_hMAPK3_Activator"
479,"NVS_ENZ_hMAPKAPK2"
480,"NVS_ENZ_hMAPKAPK2_Activator"
481,"NVS_ENZ_hMAPKAPK5"
482,"NVS_ENZ_hMAPKAPK5_Activator"
483,"NVS_ENZ_hMARK1"
484,"NVS_ENZ_hMARK1_Activator"
485,"NVS_ENZ_hMet"
486,"NVS_ENZ_hMet_Activator"
487,"NVS_ENZ_hMMP1"
488,"NVS_ENZ_hMMP1_Activator"
489,"NVS_ENZ_hMMP13"
490,"NVS_ENZ_hMMP13_Activator"
491,"NVS_ENZ_hMMP2"
492,"NVS_ENZ_hMMP2_Activator"
493,"NVS_ENZ_hMMP3"
494,"NVS_ENZ_hMMP3_Activator"
495,"NVS_ENZ_hMMP7"
496,"NVS_ENZ_hMMP7_Activator"
497,"NVS_ENZ_hMMP9"
498,"NVS_ENZ_hMMP9_Activator"
499,"NVS_ENZ_hMsk1"
500,"NVS_ENZ_hMsk1_Activator"
501,"NVS_ENZ_hNEK2"
502,"NVS_ENZ_hNEK2_Activator"
503,"NVS_ENZ_hPAK2"
504,"NVS_ENZ_hPAK2_Activator"
505,"NVS_ENZ_hPAK4"
506,"NVS_ENZ_hPAK4_Activator"
507,"NVS_ENZ_hPDE10"
508,"NVS_ENZ_hPDE10_Activator"
509,"NVS_ENZ_hPDE4A1"
510,"NVS_ENZ_hPDE4A1_Activator"
511,"NVS_ENZ_hPDE5"
512,"NVS_ENZ_hPDE5_Activator"
513,"NVS_ENZ_hPI3Ka"
514,"NVS_ENZ_hPI3Ka_Activator"
515,"NVS_ENZ_hPKA"
516,"NVS_ENZ_hPKA_Activator"
517,"NVS_ENZ_hPKCz"
518,"NVS_ENZ_hPKCz_Activator"
519,"NVS_ENZ_hPKD2"
520,"NVS_ENZ_hPKD2_Activator"
521,"NVS_ENZ_hPPM1A"
522,"NVS_ENZ_hPPM1A_Activator"
523,"NVS_ENZ_hPPP1CA"
524,"NVS_ENZ_hPPP1CA_Activator"
525,"NVS_ENZ_hPPP2CA"
526,"NVS_ENZ_hPPP2CA_Activator"
527,"NVS_ENZ_hPTEN"
528,"NVS_ENZ_hPTEN_Activator"
529,"NVS_ENZ_hPTPN1"
530,"NVS_ENZ_hPTPN1_Activator"
531,"NVS_ENZ_hPTPN11"
532,"NVS_ENZ_hPTPN11_Activator"
533,"NVS_ENZ_hPTPN12"
534,"NVS_ENZ_hPTPN12_Activator"
535,"NVS_ENZ_hPTPN13"
536,"NVS_ENZ_hPTPN13_Activator"
537,"NVS_ENZ_hPTPN14"
538,"NVS_ENZ_hPTPN14_Activator"
539,"NVS_ENZ_hPTPN2"
540,"NVS_ENZ_hPTPN2_Activator"
541,"NVS_ENZ_hPTPN4"
542,"NVS_ENZ_hPTPN4_Activator"
543,"NVS_ENZ_hPTPN6"
544,"NVS_ENZ_hPTPN6_Activator"
545,"NVS_ENZ_hPTPN9"
546,"NVS_ENZ_hPTPN9_Activator"
547,"NVS_ENZ_hPTPRB"
548,"NVS_ENZ_hPTPRB_Activator"
549,"NVS_ENZ_hPTPRC"
550,"NVS_ENZ_hPTPRC_Activator"
551,"NVS_ENZ_hPTPRF"
552,"NVS_ENZ_hPTPRF_Activator"
553,"NVS_ENZ_hPTPRM"
554,"NVS_ENZ_hPTPRM_Activator"
555,"NVS_ENZ_hRAF1"
556,"NVS_ENZ_hRAF1_Activator"
557,"NVS_ENZ_hROCK1"
558,"NVS_ENZ_hROCK1_Activator"
559,"NVS_ENZ_hSGK1"
560,"NVS_ENZ_hSGK1_Activator"
561,"NVS_ENZ_hSIRT1"
562,"NVS_ENZ_hSIRT1_Activator"
563,"NVS_ENZ_hSIRT2"
564,"NVS_ENZ_hSIRT2_Activator"
565,"NVS_ENZ_hSIRT3"
566,"NVS_ENZ_hSIRT3_Activator"
567,"NVS_ENZ_hSRC"
568,"NVS_ENZ_hSRC_Activator"
569,"NVS_ENZ_hSyk"
570,"NVS_ENZ_hSyk_Activator"
571,"NVS_ENZ_hTie2"
572,"NVS_ENZ_hTie2_Activator"
573,"NVS_ENZ_hTrkA"
574,"NVS_ENZ_hTrkA_Activator"
575,"NVS_ENZ_hVEGFR1"
576,"NVS_ENZ_hVEGFR1_Activator"
577,"NVS_ENZ_hVEGFR2"
578,"NVS_ENZ_hVEGFR2_Activator"
579,"NVS_ENZ_hVEGFR3"
580,"NVS_ENZ_hVEGFR3_Activator"
581,"NVS_ENZ_hZAP70"
582,"NVS_ENZ_hZAP70_Activator"
583,"NVS_ENZ_oCOX1"
584,"NVS_ENZ_oCOX1_Activator"
585,"NVS_ENZ_oCOX2"
586,"NVS_ENZ_oCOX2_Activator"
587,"NVS_ENZ_pMTHFR"
588,"NVS_ENZ_pMTHFR_Activator"
589,"NVS_ENZ_rabI2C"
590,"NVS_ENZ_rabI2C_Activator"
591,"NVS_ENZ_rACFSKBinding"
592,"NVS_ENZ_rACFSKBinding_Activator"
593,"NVS_ENZ_rAChE"
594,"NVS_ENZ_rAChE_Activator"
595,"NVS_ENZ_rCNOS"
596,"NVS_ENZ_rCNOS_Activator"
597,"NVS_ENZ_rCOMT"
598,"NVS_ENZ_rCOMT_Activator"
599,"NVS_ENZ_hDYRK1a"
600,"NVS_ENZ_hDYRK1a_Activator"
601,"NVS_ENZ_rMAOAC"
602,"NVS_ENZ_rMAOAC_Activator"
603,"NVS_ENZ_rMAOAP"
604,"NVS_ENZ_rMAOAP_Activator"
605,"NVS_ENZ_rMAOBC"
606,"NVS_ENZ_rMAOBC_Activator"
607,"NVS_ENZ_rMAOBP"
608,"NVS_ENZ_rMAOBP_Activator"
609,"NVS_GPCR_bAdoR_NonSelective"
610,"NVS_GPCR_bAT2"
611,"NVS_GPCR_bDR_NonSelective"
612,"NVS_GPCR_bH1"
613,"NVS_GPCR_bNPY_NonSelective"
614,"NVS_GPCR_g5HT4"
615,"NVS_GPCR_gANPA"
616,"NVS_GPCR_gBK2"
617,"NVS_GPCR_gH2"
618,"NVS_GPCR_gLTB4"
619,"NVS_GPCR_gLTD4"
620,"NVS_GPCR_gMPeripheral_NonSelective"
621,"NVS_GPCR_gOpiateK"
622,"NVS_GPCR_h5HT2A"
623,"NVS_GPCR_h5HT5A"
624,"NVS_GPCR_h5HT6"
625,"NVS_GPCR_h5HT7"
626,"NVS_GPCR_hAdoRA1"
627,"NVS_GPCR_hAdoRA2a"
628,"NVS_GPCR_hAdra2A"
629,"NVS_GPCR_hAdra2C"
630,"NVS_GPCR_hAdrb1"
631,"NVS_GPCR_hAdrb2"
632,"NVS_GPCR_hAdrb3"
633,"NVS_GPCR_hAT1"
634,"NVS_GPCR_hC5a"
635,"NVS_GPCR_hDRD1"
636,"NVS_GPCR_hDRD2s"
637,"NVS_GPCR_hDRD4.4"
638,"NVS_GPCR_hETA"
639,"NVS_GPCR_hETB"
640,"NVS_GPCR_hH1"
641,"NVS_GPCR_hLTB4_BLT1"
642,"NVS_GPCR_hM1"
643,"NVS_GPCR_hM2"
644,"NVS_GPCR_hM3"
645,"NVS_GPCR_hM4"
646,"NVS_GPCR_hM5"
647,"NVS_GPCR_hNK2"
648,"NVS_GPCR_hNPY1"
649,"NVS_GPCR_hNPY2"
650,"NVS_GPCR_hNTS"
651,"NVS_GPCR_hOpiate_D1"
652,"NVS_GPCR_hOpiate_mu"
653,"NVS_GPCR_hORL1"
654,"NVS_GPCR_hPY2"
655,"NVS_GPCR_hTXA2"
656,"NVS_GPCR_hV1A"
657,"NVS_GPCR_mCCKAPeripheral"
658,"NVS_GPCR_mCKKBCentral"
659,"NVS_GPCR_p5HT2C"
660,"NVS_GPCR_r5HT_NonSelective"
661,"NVS_GPCR_r5HT1_NonSelective"
662,"NVS_GPCR_rabPAF"
663,"NVS_GPCR_rAdra1_NonSelective"
664,"NVS_GPCR_rAdra1A"
665,"NVS_GPCR_rAdra1B"
666,"NVS_GPCR_rAdra2_NonSelective"
667,"NVS_GPCR_rAdrb_NonSelective"
668,"NVS_GPCR_rCRF"
669,"NVS_GPCR_rGABBR"
670,"NVS_GPCR_rGalanin"
671,"NVS_GPCR_rGHB"
672,"NVS_GPCR_rH3"
673,"NVS_GPCR_rmAdra2B"
674,"NVS_GPCR_rmMGluR1"
675,"NVS_GPCR_rmMGluR5"
676,"NVS_GPCR_rNK1"
677,"NVS_GPCR_rNK3"
678,"NVS_GPCR_rNTS"
679,"NVS_GPCR_rOpiate_NonSelective"
680,"NVS_GPCR_rOpiate_NonSelectiveNa"
681,"NVS_GPCR_rOXT"
682,"NVS_GPCR_rSST"
683,"NVS_GPCR_rTRH"
684,"NVS_GPCR_rV1"
685,"NVS_GPCR_rVIP_NonSelective"
686,"NVS_IC_hKhERGCh"
687,"NVS_IC_rCaBTZCHL"
688,"NVS_IC_rCaChN"
689,"NVS_IC_rCaDHPRCh_L"
690,"NVS_IC_rKAR"
691,"NVS_IC_rKATPCh"
692,"NVS_IC_rKCaCh"
693,"NVS_IC_rNaCh_site2"
694,"NVS_LGIC_bGABAR_Agonist"
695,"NVS_LGIC_bGABARa1"
696,"NVS_LGIC_bGABARa5"
697,"NVS_LGIC_h5HT3"
698,"NVS_LGIC_hNNR_NBungSens"
699,"NVS_LGIC_rAMPA"
700,"NVS_LGIC_rGABAR_NonSelective"
701,"NVS_LGIC_rGABARa6"
702,"NVS_LGIC_rGluNMDA_Agonist"
703,"NVS_LGIC_rGluNMDA_MK801_Agonist"
704,"NVS_LGIC_rGlyRStrySens"
705,"NVS_LGIC_rNNR_BungSens"
706,"NVS_MP_hPBR"
707,"NVS_MP_rPBR"
708,"NVS_NR_bER"
709,"NVS_NR_bPR"
710,"NVS_NR_cAR"
711,"NVS_NR_hAR"
712,"NVS_NR_hCAR_Agonist"
713,"NVS_NR_hCAR_Antagonist"
714,"NVS_NR_hER"
715,"NVS_NR_hFXR_Agonist"
716,"NVS_NR_hFXR_Antagonist"
717,"NVS_NR_hGR"
718,"NVS_NR_hPPARa"
719,"NVS_NR_hPPARg"
720,"NVS_NR_hPR"
721,"NVS_NR_hPXR"
722,"NVS_NR_hRAR_Antagonist"
723,"NVS_NR_hRARa_Agonist"
724,"NVS_NR_hTRa_Antagonist"
725,"NVS_NR_mERa"
726,"NVS_NR_rAR"
727,"NVS_NR_rMR"
728,"NVS_OR_gSIGMA_NonSelective"
729,"NVS_OR_hFKBP12"
730,"NVS_TR_gDAT"
731,"NVS_TR_hAdoT"
732,"NVS_TR_hDAT"
733,"NVS_TR_hNET"
734,"NVS_TR_hSERT"
735,"NVS_TR_rAdoT"
736,"NVS_TR_rNET"
737,"NVS_TR_rSERT"
738,"NVS_TR_rVMAT2"
739,"OT_AR_ARELUC_AG_1440"
740,"OT_AR_ARSRC1_0480"
741,"OT_AR_ARSRC1_0960"
742,"OT_ER_ERaERa_0480"
743,"OT_ER_ERaERa_1440"
744,"OT_ER_ERaERb_0480"
745,"OT_ER_ERaERb_1440"
746,"OT_ER_ERbERb_0480"
747,"OT_ER_ERbERb_1440"
750,"OT_ERa_EREGFP_0120"
751,"OT_ERa_EREGFP_0480"
753,"OT_FXR_FXRSRC1_0480"
754,"OT_FXR_FXRSRC1_1440"
755,"OT_NURR1_NURR1RXRa_0480"
756,"OT_NURR1_NURR1RXRa_1440"
757,"OT_PPARg_PPARgSRC1_0480"
758,"OT_PPARg_PPARgSRC1_1440"
759,"TOX21_AR_BLA_Agonist_ch1"
760,"TOX21_AR_BLA_Agonist_ch2"
761,"TOX21_AR_BLA_Agonist_ratio"
762,"TOX21_AR_BLA_Antagonist_ratio"
763,"TOX21_AR_BLA_Antagonist_viability"
764,"TOX21_AR_LUC_MDAKB2_Agonist"
765,"TOX21_AR_LUC_MDAKB2_Antagonist_10nM_R1881"
766,"TOX21_AR_LUC_MDAKB2_Antagonist_10nM_R1881_viability"
767,"TOX21_Aromatase_Inhibition"
768,"TOX21_Aromatase_Inhibition_viability"
769,"TOX21_AutoFluor_HEK293_Cell_blue"
770,"TOX21_AutoFluor_HEK293_Cell_green"
771,"TOX21_AutoFluor_HEK293_Cell_red"
772,"TOX21_AutoFluor_HEK293_Media_blue"
773,"TOX21_AutoFluor_HEK293_Media_green"
774,"TOX21_AutoFluor_HEK293_Media_red"
775,"TOX21_AutoFluor_HEPG2_Cell_blue"
776,"TOX21_AutoFluor_HEPG2_Cell_green"
777,"TOX21_AutoFluor_HEPG2_Cell_red"
778,"TOX21_AutoFluor_HEPG2_Media_blue"
779,"TOX21_AutoFluor_HEPG2_Media_green"
780,"TOX21_AutoFluor_HEPG2_Media_red"
781,"TOX21_ELG1_LUC_Agonist"
782,"TOX21_ELG1_LUC_Agonist_viability"
783,"TOX21_ERa_BLA_Agonist_ch1"
784,"TOX21_ERa_BLA_Agonist_ch2"
785,"TOX21_ERa_BLA_Agonist_ratio"
786,"TOX21_ERa_BLA_Antagonist_ratio"
787,"TOX21_ERa_BLA_Antagonist_viability"
788,"TOX21_ERa_LUC_VM7_Agonist"
789,"TOX21_ERa_LUC_VM7_Antagonist_0.5nM_E2"
790,"TOX21_ERa_LUC_VM7_Antagonist_0.5nM_E2_viability"
791,"TOX21_GR_BLA_Agonist_ch1"
792,"TOX21_GR_BLA_Agonist_ch2"
793,"TOX21_GR_BLA_Agonist_ratio"
794,"TOX21_GR_BLA_Antagonist_ratio"
795,"TOX21_GR_BLA_Antagonist_viability"
796,"TOX21_MMP_fitc"
797,"TOX21_MMP_ratio_down"
798,"TOX21_MMP_rhodamine"
799,"TOX21_MMP_viability"
800,"TOX21_PPARg_BLA_Agonist_ch1"
801,"TOX21_PPARg_BLA_Agonist_ch2"
802,"TOX21_PPARg_BLA_Agonist_ratio"
803,"TOX21_TR_LUC_GH3_Agonist"
804,"TOX21_TR_LUC_GH3_Antagonist"
805,"TOX21_TR_LUC_GH3_Antagonist_viability"
806,"TOX21_AhR_LUC_Agonist"
807,"TOX21_AhR_LUC_Agonist_viability"
890,"CEETOX_H295R_11DCORT_dn"
891,"CEETOX_H295R_11DCORT_up"
892,"CEETOX_H295R_OHPREG_dn"
893,"CEETOX_H295R_OHPREG_up"
894,"CEETOX_H295R_OHPROG_dn"
895,"CEETOX_H295R_OHPROG_up"
896,"CEETOX_H295R_ANDR_dn"
897,"CEETOX_H295R_ANDR_up"
898,"CEETOX_H295R_CORTIC_dn"
899,"CEETOX_H295R_CORTIC_up"
900,"CEETOX_H295R_CORTISOL_dn"
901,"CEETOX_H295R_CORTISOL_up"
904,"CEETOX_H295R_DOC_dn"
905,"CEETOX_H295R_DOC_up"
906,"CEETOX_H295R_ESTRADIOL_dn"
907,"CEETOX_H295R_ESTRADIOL_up"
908,"CEETOX_H295R_ESTRONE_dn"
909,"CEETOX_H295R_ESTRONE_up"
912,"CEETOX_H295R_PROG_dn"
913,"CEETOX_H295R_PROG_up"
914,"CEETOX_H295R_TESTO_dn"
915,"CEETOX_H295R_TESTO_up"
916,"LTEA_HepaRG_ABCB1_dn"
917,"LTEA_HepaRG_ABCB1_up"
918,"LTEA_HepaRG_ABCB11_dn"
919,"LTEA_HepaRG_ABCB11_up"
920,"LTEA_HepaRG_ABCC2_dn"
921,"LTEA_HepaRG_ABCC2_up"
922,"LTEA_HepaRG_ABCC3_dn"
923,"LTEA_HepaRG_ABCC3_up"
924,"LTEA_HepaRG_ABCG2_dn"
925,"LTEA_HepaRG_ABCG2_up"
926,"LTEA_HepaRG_ACLY_dn"
927,"LTEA_HepaRG_ACLY_up"
928,"LTEA_HepaRG_ACOX1_dn"
929,"LTEA_HepaRG_ACOX1_up"
930,"LTEA_HepaRG_ADK_dn"
931,"LTEA_HepaRG_ADK_up"
932,"LTEA_HepaRG_AFP_dn"
933,"LTEA_HepaRG_AFP_up"
934,"LTEA_HepaRG_ALPP_dn"
935,"LTEA_HepaRG_ALPP_up"
936,"LTEA_HepaRG_APOA5_dn"
937,"LTEA_HepaRG_APOA5_up"
938,"LTEA_HepaRG_BAD_dn"
939,"LTEA_HepaRG_BAD_up"
940,"LTEA_HepaRG_BAX_dn"
941,"LTEA_HepaRG_BAX_up"
942,"LTEA_HepaRG_BCL2_dn"
943,"LTEA_HepaRG_BCL2_up"
944,"LTEA_HepaRG_BCL2L11_dn"
945,"LTEA_HepaRG_BCL2L11_up"
946,"LTEA_HepaRG_BID_dn"
947,"LTEA_HepaRG_BID_up"
948,"LTEA_HepaRG_CASP3_dn"
949,"LTEA_HepaRG_CASP3_up"
950,"LTEA_HepaRG_CASP8_dn"
951,"LTEA_HepaRG_CASP8_up"
952,"LTEA_HepaRG_CAT_dn"
953,"LTEA_HepaRG_CAT_up"
954,"LTEA_HepaRG_CCND1_dn"
955,"LTEA_HepaRG_CCND1_up"
956,"LTEA_HepaRG_CCND2_dn"
957,"LTEA_HepaRG_CCND2_up"
958,"LTEA_HepaRG_CDKN1A_dn"
959,"LTEA_HepaRG_CDKN1A_up"
960,"LTEA_HepaRG_CFLAR_dn"
961,"LTEA_HepaRG_CFLAR_up"
962,"LTEA_HepaRG_CYP1A1_dn"
963,"LTEA_HepaRG_CYP1A1_up"
964,"LTEA_HepaRG_CYP1A2_dn"
965,"LTEA_HepaRG_CYP1A2_up"
966,"LTEA_HepaRG_CYP24A1_dn"
967,"LTEA_HepaRG_CYP24A1_up"
968,"LTEA_HepaRG_CYP2B6_dn"
969,"LTEA_HepaRG_CYP2B6_up"
970,"LTEA_HepaRG_CYP2C19_dn"
971,"LTEA_HepaRG_CYP2C19_up"
972,"LTEA_HepaRG_CYP2C8_dn"
973,"LTEA_HepaRG_CYP2C8_up"
974,"LTEA_HepaRG_CYP2C9_dn"
975,"LTEA_HepaRG_CYP2C9_up"
976,"LTEA_HepaRG_CYP2E1_dn"
977,"LTEA_HepaRG_CYP2E1_up"
978,"LTEA_HepaRG_CYP3A4_dn"
979,"LTEA_HepaRG_CYP3A4_up"
980,"LTEA_HepaRG_CYP3A5_dn"
981,"LTEA_HepaRG_CYP3A5_up"
982,"LTEA_HepaRG_CYP3A7_dn"
983,"LTEA_HepaRG_CYP3A7_up"
984,"LTEA_HepaRG_CYP4A11_dn"
985,"LTEA_HepaRG_CYP4A11_up"
986,"LTEA_HepaRG_CYP4A22_dn"
987,"LTEA_HepaRG_CYP4A22_up"
988,"LTEA_HepaRG_CYP7A1_dn"
989,"LTEA_HepaRG_CYP7A1_up"
990,"LTEA_HepaRG_DDIT3_dn"
991,"LTEA_HepaRG_DDIT3_up"
992,"LTEA_HepaRG_EGF_dn"
993,"LTEA_HepaRG_EGF_up"
994,"LTEA_HepaRG_EGR1_dn"
995,"LTEA_HepaRG_EGR1_up"
996,"LTEA_HepaRG_EZR_dn"
997,"LTEA_HepaRG_EZR_up"
998,"LTEA_HepaRG_FABP1_dn"
999,"LTEA_HepaRG_FABP1_up"
1000,"LTEA_HepaRG_FAS_dn"
1001,"LTEA_HepaRG_FAS_up"
1002,"LTEA_HepaRG_FASN_dn"
1003,"LTEA_HepaRG_FASN_up"
1004,"LTEA_HepaRG_FMO3_dn"
1005,"LTEA_HepaRG_FMO3_up"
1006,"LTEA_HepaRG_FOXO1_dn"
1007,"LTEA_HepaRG_FOXO1_up"
1008,"LTEA_HepaRG_FOXO3_dn"
1009,"LTEA_HepaRG_FOXO3_up"
1010,"LTEA_HepaRG_GADD45A_dn"
1011,"LTEA_HepaRG_GADD45A_up"
1012,"LTEA_HepaRG_GADD45B_dn"
1013,"LTEA_HepaRG_GADD45B_up"
1014,"LTEA_HepaRG_GADD45G_dn"
1015,"LTEA_HepaRG_GADD45G_up"
1016,"LTEA_HepaRG_GCLC_dn"
1017,"LTEA_HepaRG_GCLC_up"
1018,"LTEA_HepaRG_GCLM_dn"
1019,"LTEA_HepaRG_GCLM_up"
1020,"LTEA_HepaRG_GE_ACTB_dn"
1021,"LTEA_HepaRG_GE_ACTB_up"
1022,"LTEA_HepaRG_GE_GAPDH_dn"
1023,"LTEA_HepaRG_GE_GAPDH_up"
1024,"LTEA_HepaRG_GE_POLR2A_dn"
1025,"LTEA_HepaRG_GE_POLR2A_up"
1026,"LTEA_HepaRG_GSTA2_dn"
1027,"LTEA_HepaRG_GSTA2_up"
1028,"LTEA_HepaRG_GSTM3_dn"
1029,"LTEA_HepaRG_GSTM3_up"
1030,"LTEA_HepaRG_HGF_dn"
1031,"LTEA_HepaRG_HGF_up"
1032,"LTEA_HepaRG_HIF1A_dn"
1033,"LTEA_HepaRG_HIF1A_up"
1034,"LTEA_HepaRG_HMGCS2_dn"
1035,"LTEA_HepaRG_HMGCS2_up"
1036,"LTEA_HepaRG_HSPA1A_dn"
1037,"LTEA_HepaRG_HSPA1A_up"
1038,"LTEA_HepaRG_ICAM1_dn"
1039,"LTEA_HepaRG_ICAM1_up"
1040,"LTEA_HepaRG_IGF1_dn"
1041,"LTEA_HepaRG_IGF1_up"
1042,"LTEA_HepaRG_IGFBP1_dn"
1043,"LTEA_HepaRG_IGFBP1_up"
1044,"LTEA_HepaRG_IL6_dn"
1045,"LTEA_HepaRG_IL6_up"
1046,"LTEA_HepaRG_IL6R_dn"
1047,"LTEA_HepaRG_IL6R_up"
1048,"LTEA_HepaRG_JUN_dn"
1049,"LTEA_HepaRG_JUN_up"
1050,"LTEA_HepaRG_KCNK1_dn"
1051,"LTEA_HepaRG_KCNK1_up"
1052,"LTEA_HepaRG_KRT19_dn"
1053,"LTEA_HepaRG_KRT19_up"
1054,"LTEA_HepaRG_LIPC_dn"
1055,"LTEA_HepaRG_LIPC_up"
1056,"LTEA_HepaRG_LPL_dn"
1057,"LTEA_HepaRG_LPL_up"
1058,"LTEA_HepaRG_MIR122_dn"
1059,"LTEA_HepaRG_MIR122_up"
1060,"LTEA_HepaRG_MMP10_dn"
1061,"LTEA_HepaRG_MMP10_up"
1062,"LTEA_HepaRG_MMP3_dn"
1063,"LTEA_HepaRG_MMP3_up"
1064,"LTEA_HepaRG_MYC_dn"
1065,"LTEA_HepaRG_MYC_up"
1066,"LTEA_HepaRG_NFE2L2_dn"
1067,"LTEA_HepaRG_NFE2L2_up"
1068,"LTEA_HepaRG_NFKB1_dn"
1069,"LTEA_HepaRG_NFKB1_up"
1070,"LTEA_HepaRG_NQO1_dn"
1071,"LTEA_HepaRG_NQO1_up"
1072,"LTEA_HepaRG_PDK4_dn"
1073,"LTEA_HepaRG_PDK4_up"
1074,"LTEA_HepaRG_PEG10_dn"
1075,"LTEA_HepaRG_PEG10_up"
1076,"LTEA_HepaRG_PPP2R4_dn"
1077,"LTEA_HepaRG_PPP2R4_up"
1078,"LTEA_HepaRG_PTEN_dn"
1079,"LTEA_HepaRG_PTEN_up"
1080,"LTEA_HepaRG_SDHB_dn"
1081,"LTEA_HepaRG_SDHB_up"
1082,"LTEA_HepaRG_SLC22A1_dn"
1083,"LTEA_HepaRG_SLC22A1_up"
1084,"LTEA_HepaRG_SLCO1B1_dn"
1085,"LTEA_HepaRG_SLCO1B1_up"
1086,"LTEA_HepaRG_STAT3_dn"
1087,"LTEA_HepaRG_STAT3_up"
1088,"LTEA_HepaRG_SULT2A1_dn"
1089,"LTEA_HepaRG_SULT2A1_up"
1090,"LTEA_HepaRG_TGFA_dn"
1091,"LTEA_HepaRG_TGFA_up"
1092,"LTEA_HepaRG_TGFB1_dn"
1093,"LTEA_HepaRG_TGFB1_up"
1094,"LTEA_HepaRG_THRSP_dn"
1095,"LTEA_HepaRG_THRSP_up"
1096,"LTEA_HepaRG_TIMP1_dn"
1097,"LTEA_HepaRG_TIMP1_up"
1098,"LTEA_HepaRG_TNFRSF1A_dn"
1099,"LTEA_HepaRG_TNFRSF1A_up"
1100,"LTEA_HepaRG_TP53_dn"
1101,"LTEA_HepaRG_TP53_up"
1102,"LTEA_HepaRG_UGT1A1_dn"
1103,"LTEA_HepaRG_UGT1A1_up"
1104,"LTEA_HepaRG_UGT1A6_dn"
1105,"LTEA_HepaRG_UGT1A6_up"
1106,"LTEA_HepaRG_XBP1_dn"
1107,"LTEA_HepaRG_XBP1_up"
1108,"TOX21_ARE_BLA_Agonist_ch1"
1109,"TOX21_ARE_BLA_Agonist_ch2"
1110,"TOX21_ARE_BLA_agonist_ratio"
1111,"TOX21_HSE_BLA_agonist_ch1"
1112,"TOX21_HSE_BLA_agonist_ch2"
1113,"TOX21_HSE_BLA_agonist_ratio"
1114,"TOX21_p53_BLA_p1_ch1"
1115,"TOX21_p53_BLA_p1_ch2"
1116,"TOX21_p53_BLA_p1_ratio"
1117,"TOX21_FXR_BLA_agonist_ch1"
1118,"TOX21_FXR_BLA_agonist_ch2"
1119,"TOX21_FXR_BLA_agonist_ratio"
1120,"TOX21_FXR_BLA_antagonist_ratio"
1121,"TOX21_FXR_BLA_antagonist_viability"
1122,"TOX21_PPARd_BLA_agonist_ch1"
1123,"TOX21_PPARd_BLA_agonist_ch2"
1124,"TOX21_PPARd_BLA_agonist_ratio"
1125,"TOX21_PPARd_BLA_antagonist_ratio"
1126,"TOX21_PPARd_BLA_antagonist_viability"
1127,"TOX21_PPARg_BLA_antagonist_ratio"
1128,"TOX21_PPARg_BLA_antagonist_viability"
1129,"TOX21_VDR_BLA_agonist_ch1"
1130,"TOX21_VDR_BLA_agonist_ch2"
1131,"TOX21_VDR_BLA_agonist_ratio"
1132,"TOX21_VDR_BLA_antagonist_ratio"
1133,"TOX21_VDR_BLA_antagonist_viability"
1134,"TOX21_DT40"
1136,"LTEA_HepaRG_LDH_cytotoxicity"
1185,"TOX21_ARE_BLA_agonist_viability"
1186,"TOX21_HSE_BLA_agonist_viability"
1187,"TOX21_p53_BLA_p1_viability"
1188,"TOX21_FXR_BLA_agonist_viability"
1189,"TOX21_ERa_BLA_Antagonist_ch1"
1190,"TOX21_ERa_BLA_Antagonist_ch2"
1191,"TOX21_FXR_BLA_Antagonist_ch1"
1192,"TOX21_FXR_BLA_Antagonist_ch2"
1193,"TOX21_GR_BLA_Antagonist_ch1"
1194,"TOX21_GR_BLA_Antagonist_ch2"
1195,"TOX21_PPARd_BLA_Agonist_viability"
1196,"TOX21_PPARd_BLA_Antagonist_ch1"
1197,"TOX21_PPARd_BLA_Antagonist_ch2"
1198,"TOX21_PPARg_BLA_Antagonist_ch1"
1199,"TOX21_PPARg_BLA_Antagonist_ch2"
1200,"TOX21_VDR_BLA_Antagonist_ch1"
1201,"TOX21_VDR_BLA_Antagonist_ch2"
1202,"TOX21_AR_BLA_Antagonist_ch1"
1203,"TOX21_AR_BLA_Antagonist_ch2"
1204,"ATG_XTT_Cytotoxicity_up"
1315,"TOX21_p53_BLA_p2_ch1"
1316,"TOX21_p53_BLA_p2_ch2"
1317,"TOX21_p53_BLA_p2_ratio"
1318,"TOX21_p53_BLA_p2_viability"
1319,"TOX21_p53_BLA_p3_ch1"
1320,"TOX21_p53_BLA_p3_ch2"
1321,"TOX21_p53_BLA_p3_ratio"
1322,"TOX21_p53_BLA_p3_viability"
1323,"TOX21_p53_BLA_p4_ch1"
1324,"TOX21_p53_BLA_p4_ch2"
1325,"TOX21_p53_BLA_p4_ratio"
1326,"TOX21_p53_BLA_p4_viability"
1327,"TOX21_p53_BLA_p5_ch1"
1328,"TOX21_p53_BLA_p5_ch2"
1329,"TOX21_p53_BLA_p5_ratio"
1330,"TOX21_p53_BLA_p5_viability"
1331,"TOX21_VDR_BLA_Agonist_viability"
1340,"TOX21_ESRE_BLA_ch1"
1341,"TOX21_ESRE_BLA_ch2"
1342,"TOX21_ESRE_BLA_ratio"
1343,"TOX21_ESRE_BLA_viability"
1344,"TOX21_NFkB_BLA_agonist_ch1"
1345,"TOX21_NFkB_BLA_agonist_ch2"
1346,"TOX21_NFkB_BLA_agonist_ratio"
1347,"TOX21_NFkB_BLA_agonist_viability"
1348,"ATG_NUR77_TRANS2_up"
1349,"ATG_GCNF_TRANS2_up"
1350,"ATG_COUP_TF2_TRANS2_up"
1351,"ATG_PNR_TRANS2_up"
1352,"ATG_LRH1_TRANS2_up"
1353,"ATG_Rev_ERB_A_TRANS2_up"
1354,"ATG_HNF4g_TRANS2_up"
1355,"ATG_ERRb_TRANS2_up"
1356,"ATG_MR_TRANS2_up"
1357,"ATG_COUP_TF1_TRANS2_up"
1358,"ATG_NOR1_TRANS2_up"
1359,"ATG_TR4_TRANS2_up"
1360,"ATG_DAX1_TRANS2_up"
1361,"ATG_Rev_ERB_B_TRANS2_up"
1362,"ATG_RORa_TRANS2_up"
1363,"ATG_PR_TRANS2_up"
1364,"ATG_RXRg_TRANS2_up"
1365,"ATG_SF_1_TRANS2_up"
1366,"ATG_SHP_TRANS2_up"
1367,"ATG_ERb_TRANS2_up"
1368,"ATG_TLX_TRANS2_up"
1369,"ATG_THRb_TRANS2_up"
1370,"ATG_EAR2_TRANS2_up"
1371,"ATG_TR2_TRANS2_up"
1372,"Tanguay_ZF_120hpf_MORT_up"
1373,"Tanguay_ZF_120hpf_YSE_up"
1374,"Tanguay_ZF_120hpf_AXIS_up"
1375,"Tanguay_ZF_120hpf_EYE_up"
1376,"Tanguay_ZF_120hpf_SNOU_up"
1377,"Tanguay_ZF_120hpf_JAW_up"
1378,"Tanguay_ZF_120hpf_OTIC_up"
1379,"Tanguay_ZF_120hpf_PE_up"
1380,"Tanguay_ZF_120hpf_BRAI_up"
1381,"Tanguay_ZF_120hpf_SOMI_up"
1382,"Tanguay_ZF_120hpf_PFIN_up"
1383,"Tanguay_ZF_120hpf_CFIN_up"
1384,"Tanguay_ZF_120hpf_PIG_up"
1385,"Tanguay_ZF_120hpf_CIRC_up"
1386,"Tanguay_ZF_120hpf_TRUN_up"
1387,"Tanguay_ZF_120hpf_SWIM_up"
1388,"Tanguay_ZF_120hpf_NC_up"
1389,"Tanguay_ZF_120hpf_TR_up"
1390,"LTEA_HepaRG_SLC22A6_dn"
1391,"LTEA_HepaRG_SLC22A6_up"
1392,"LTEA_HepaRG_KLK3_dn"
1393,"LTEA_HepaRG_KLK3_up"
1394,"LTEA_HepaRG_SLC10A1_dn"
1395,"LTEA_HepaRG_SLC10A1_up"
1396,"LTEA_HepaRG_MMP1_dn"
1397,"LTEA_HepaRG_MMP1_up"
1398,"LTEA_HepaRG_CYP24A1_1_dn"
1399,"LTEA_HepaRG_CYP24A1_1_up"
1400,"ATG_Ahr_CIS_dn"
1401,"ATG_AP_1_CIS_dn"
1402,"ATG_AP_2_CIS_dn"
1403,"ATG_AR_TRANS_dn"
1404,"ATG_BRE_CIS_dn"
1405,"ATG_CAR_TRANS_dn"
1406,"ATG_CMV_CIS_dn"
1407,"ATG_COUP_TF1_TRANS2_dn"
1408,"ATG_COUP_TF2_TRANS2_dn"
1409,"ATG_CRE_CIS_dn"
1410,"ATG_C_EBP_CIS_dn"
1411,"ATG_DAX1_TRANS2_dn"
1412,"ATG_DR4_LXR_CIS_dn"
1413,"ATG_DR5_CIS_dn"
1414,"ATG_E2F_CIS_dn"
1415,"ATG_EAR2_TRANS2_dn"
1416,"ATG_EGR_CIS_dn"
1417,"ATG_ERa_TRANS_dn"
1418,"ATG_ERb_TRANS2_dn"
1419,"ATG_ERE_CIS_dn"
1420,"ATG_ERRa_TRANS_dn"
1421,"ATG_ERRb_TRANS2_dn"
1422,"ATG_ERRg_TRANS_dn"
1423,"ATG_Ets_CIS_dn"
1424,"ATG_E_Box_CIS_dn"
1425,"ATG_FoxA2_CIS_dn"
1426,"ATG_FoxO_CIS_dn"
1427,"ATG_FXR_TRANS_dn"
1428,"ATG_GAL4_TRANS_dn"
1429,"ATG_GATA_CIS_dn"
1430,"ATG_GCNF_TRANS2_dn"
1431,"ATG_GLI_CIS_dn"
1432,"ATG_GRE_CIS_dn"
1433,"ATG_GR_TRANS_dn"
1434,"ATG_HIF1a_CIS_dn"
1435,"ATG_HNF4a_TRANS_dn"
1436,"ATG_HNF4g_TRANS2_dn"
1437,"ATG_HNF6_CIS_dn"
1438,"ATG_Hpa5_TRANS_dn"
1439,"ATG_HSE_CIS_dn"
1440,"ATG_IR1_CIS_dn"
1441,"ATG_ISRE_CIS_dn"
1442,"ATG_LRH1_TRANS2_dn"
1443,"ATG_LXRa_TRANS_dn"
1444,"ATG_LXRb_TRANS_dn"
1445,"ATG_MRE_CIS_dn"
1446,"ATG_MR_TRANS2_dn"
1447,"ATG_Myb_CIS_dn"
1448,"ATG_Myc_CIS_dn"
1449,"ATG_M_06_CIS_dn"
1450,"ATG_M_06_TRANS_dn"
1451,"ATG_M_19_CIS_dn"
1452,"ATG_M_19_TRANS_dn"
1453,"ATG_M_32_CIS_dn"
1454,"ATG_M_32_TRANS_dn"
1455,"ATG_M_61_CIS_dn"
1456,"ATG_M_61_TRANS_dn"
1457,"ATG_NFI_CIS_dn"
1458,"ATG_NF_kB_CIS_dn"
1459,"ATG_NOR1_TRANS2_dn"
1460,"ATG_NRF1_CIS_dn"
1461,"ATG_NRF2_ARE_CIS_dn"
1462,"ATG_NUR77_TRANS2_dn"
1463,"ATG_NURR1_TRANS_dn"
1464,"ATG_Oct_MLP_CIS_dn"
1465,"ATG_p53_CIS_dn"
1466,"ATG_Pax6_CIS_dn"
1467,"ATG_PBREM_CIS_dn"
1468,"ATG_PNR_TRANS2_dn"
1469,"ATG_PPARa_TRANS_dn"
1470,"ATG_PPARd_TRANS_dn"
1471,"ATG_PPARg_TRANS_dn"
1472,"ATG_PPRE_CIS_dn"
1473,"ATG_PR_TRANS2_dn"
1474,"ATG_PXRE_CIS_dn"
1475,"ATG_PXR_TRANS_dn"
1476,"ATG_RARa_TRANS_dn"
1477,"ATG_RARb_TRANS_dn"
1478,"ATG_RARg_TRANS_dn"
1479,"ATG_Rev_ERB_A_TRANS2_dn"
1480,"ATG_Rev_ERB_B_TRANS2_dn"
1481,"ATG_RORa_TRANS2_dn"
1482,"ATG_RORb_TRANS_dn"
1483,"ATG_RORE_CIS_dn"
1484,"ATG_RORg_TRANS_dn"
1485,"ATG_RXRa_TRANS_dn"
1486,"ATG_RXRb_TRANS_dn"
1487,"ATG_RXRg_TRANS2_dn"
1488,"ATG_SF_1_TRANS2_dn"
1489,"ATG_SHP_TRANS2_dn"
1490,"ATG_Sox_CIS_dn"
1491,"ATG_Sp1_CIS_dn"
1492,"ATG_SREBP_CIS_dn"
1493,"ATG_STAT3_CIS_dn"
1494,"ATG_TAL_CIS_dn"
1495,"ATG_TA_CIS_dn"
1496,"ATG_TCF_b_cat_CIS_dn"
1497,"ATG_TGFb_CIS_dn"
1498,"ATG_THRa1_TRANS_dn"
1499,"ATG_THRb_TRANS2_dn"
1500,"ATG_TLX_TRANS2_dn"
1501,"ATG_TR2_TRANS2_dn"
1502,"ATG_TR4_TRANS2_dn"
1503,"ATG_VDRE_CIS_dn"
1504,"ATG_VDR_TRANS_dn"
1505,"ATG_Xbp1_CIS_dn"
1507,"NHEERL_ZF_144hpf_TERATOSCORE_up"
1508,"NCCT_TPO_AUR_dn"
1509,"NCCT_HEK293T_CellTiterGLO"
1510,"NCCT_QuantiLum_inhib_dn"
1611,"CLD_ABCB1_6hr"
1612,"CLD_ABCB11_6hr"
1613,"CLD_ABCG2_6hr"
1614,"CLD_ACTIN_6hr"
1615,"CLD_CYP1A1_6hr"
1616,"CLD_CYP1A2_6hr"
1617,"CLD_CYP2B6_6hr"
1618,"CLD_CYP2C19_6hr"
1619,"CLD_CYP2C9_6hr"
1620,"CLD_CYP3A4_6hr"
1621,"CLD_GAPDH_6hr"
1622,"CLD_GSTA2_6hr"
1623,"CLD_HMGCS2_6hr"
1624,"CLD_SLCO1B1_6hr"
1625,"CLD_SULT2A_6hr"
1626,"CLD_UGT1A1_6hr"
1627,"CLD_ABCB1_24hr"
1628,"CLD_ABCB11_24hr"
1629,"CLD_ABCG2_24hr"
1630,"CLD_ACTIN_24hr"
1631,"CLD_CYP1A1_24hr"
1632,"CLD_CYP1A2_24hr"
1633,"CLD_CYP2B6_24hr"
1634,"CLD_CYP2C19_24hr"
1635,"CLD_CYP2C9_24hr"
1636,"CLD_CYP3A4_24hr"
1637,"CLD_GAPDH_24hr"
1638,"CLD_GSTA2_24hr"
1639,"CLD_HMGCS2_24hr"
1640,"CLD_SLCO1B1_24hr"
1641,"CLD_SULT2A_24hr"
1642,"CLD_UGT1A1_24hr"
1643,"CLD_ABCB1_48hr"
1644,"CLD_ABCB11_48hr"
1645,"CLD_ABCG2_48hr"
1646,"CLD_ACTIN_48hr"
1647,"CLD_CYP1A1_48hr"
1648,"CLD_CYP1A2_48hr"
1649,"CLD_CYP2B6_48hr"
1650,"CLD_CYP2C19_48hr"
1651,"CLD_CYP2C9_48hr"
1652,"CLD_CYP3A4_48hr"
1653,"CLD_GAPDH_48hr"
1654,"CLD_GSTA2_48hr"
1655,"CLD_HMGCS2_48hr"
1656,"CLD_SLCO1B1_48hr"
1657,"CLD_SULT2A_48hr"
1658,"CLD_UGT1A1_48hr"
1659,"TOX21_RAR_LUC_Agonist"
1660,"TOX21_RAR_LUC_Agonist_viability"
1661,"TOX21_RORg_LUC_CHO_Antagonist"
1662,"TOX21_RORg_LUC_CHO_Antagonist_viability"
1663,"CEETOX_H295R_MTT_cell_viability_up"
1664,"CEETOX_H295R_MTT_cell_viability_dn"
1674,"STM_H9_C13Cystine_area_up"
1675,"STM_H9_C13Cystine_area_dn"
1676,"STM_H9_C13Ornithine_area_up"
1677,"STM_H9_C13Ornithine_area_dn"
1678,"STM_H9_Cystine_area_up"
1679,"STM_H9_Cystine_area_dn"
1680,"STM_H9_CystineISnorm_up"
1681,"STM_H9_CystineISnorm_dn"
1682,"STM_H9_CystineISnorm_perc_up"
1683,"STM_H9_CystineISnorm_perc_dn"
1684,"STM_H9_Ornithine_area_up"
1685,"STM_H9_Ornithine_area_dn"
1686,"STM_H9_OrnithineISnorm_up"
1687,"STM_H9_OrnithineISnorm_dn"
1688,"STM_H9_OrnithineISnorm_perc_up"
1689,"STM_H9_OrnithineISnorm_perc_dn"
1690,"STM_H9_OrnCyssISnorm_ratio_up"
1691,"STM_H9_OrnCyssISnorm_ratio_dn"
1692,"STM_H9_OrnCyssISnorm_prediction_up"
1693,"STM_H9_OrnCyssISnorm_prediction_dn"
1744,"NVS_ENZ_hPPP3CA"
1745,"ATG_GPCR_ADORA2A_TRANS_dn"
1746,"ATG_GPCR_ADORA2A_TRANS_up"
1747,"ATG_GPCR_ADORA2B_TRANS_dn"
1748,"ATG_GPCR_ADORA2B_TRANS_up"
1749,"ATG_GPCR_ADRA1A_TRANS_dn"
1750,"ATG_GPCR_ADRA1A_TRANS_up"
1751,"ATG_GPCR_ADRA2B_TRANS_dn"
1752,"ATG_GPCR_ADRA2B_TRANS_up"
1753,"ATG_GPCR_ADRB2_TRANS_dn"
1754,"ATG_GPCR_ADRB2_TRANS_up"
1755,"ATG_GPCR_ADRB3_TRANS_dn"
1756,"ATG_GPCR_ADRB3_TRANS_up"
1757,"ATG_GPCR_CHRM3_TRANS_dn"
1758,"ATG_GPCR_CHRM3_TRANS_up"
1759,"ATG_GPCR_DRD1_TRANS_dn"
1760,"ATG_GPCR_DRD1_TRANS_up"
1761,"ATG_GPCR_DRD5_TRANS_dn"
1762,"ATG_GPCR_DRD5_TRANS_up"
1763,"ATG_GPCR_EDNRA_TRANS_dn"
1764,"ATG_GPCR_EDNRA_TRANS_up"
1765,"ATG_GPCR_GCGR_TRANS_dn"
1766,"ATG_GPCR_GCGR_TRANS_up"
1767,"ATG_GPCR_GPBAR1_TRANS_dn"
1768,"ATG_GPCR_GPBAR1_TRANS_up"
1769,"ATG_GPCR_GPR40_TRANS_dn"
1770,"ATG_GPCR_GPR40_TRANS_up"
1771,"ATG_GPCR_GQ_TRANS_dn"
1772,"ATG_GPCR_GQ_TRANS_up"
1773,"ATG_GPCR_GS1_TRANS_dn"
1774,"ATG_GPCR_GS1_TRANS_up"
1775,"ATG_GPCR_GS_TRANS_dn"
1776,"ATG_GPCR_GS_TRANS_up"
1777,"ATG_GPCR_HRH1_TRANS_dn"
1778,"ATG_GPCR_HRH1_TRANS_up"
1779,"ATG_GPCR_HTR6_TRANS_dn"
1780,"ATG_GPCR_HTR6_TRANS_up"
1781,"ATG_GPCR_HTR7_TRANS_dn"
1782,"ATG_GPCR_HTR7_TRANS_up"
1783,"ATG_GPCR_LPAR4_TRANS_dn"
1784,"ATG_GPCR_LPAR4_TRANS_up"
1785,"ATG_GPCR_MC1R_TRANS_dn"
1786,"ATG_GPCR_MC1R_TRANS_up"
1787,"ATG_GPCR_MC2R_TRANS_dn"
1788,"ATG_GPCR_MC2R_TRANS_up"
1789,"ATG_GPCR_MC3R_TRANS_dn"
1790,"ATG_GPCR_MC3R_TRANS_up"
1791,"ATG_GPCR_MC4R_TRANS_dn"
1792,"ATG_GPCR_MC4R_TRANS_up"
1793,"ATG_GPCR_PTGDR_TRANS_dn"
1794,"ATG_GPCR_PTGDR_TRANS_up"
1795,"ATG_GPCR_PTGIR_TRANS_dn"
1796,"ATG_GPCR_PTGIR_TRANS_up"
1797,"Tanguay_ZF_120hpf_ActivityScore"
1850,"ACEA_AR_agonist_AUC_viability"
1816,"TOX21_AR_LUC_MDAKB2_Antagonist_0.5nM_R1881"
1817,"TOX21_AR_LUC_MDAKB2_Antagonist_0.5nM_R1881_viability"
1818,"TOX21_RXR_BLA_Agonist_ch1"
1819,"TOX21_RXR_BLA_Agonist_ch2"
1820,"TOX21_RXR_BLA_Agonist_ratio"
1821,"TOX21_RXR_BLA_Agonist_viability"
1822,"TOX21_AR_LUC_MDAKB2_Agonist_3uM_Nilutamide"
1823,"TOX21_AR_LUC_MDAKB2_Agonist_3uM_Nilutamide_viability"
1824,"NCCT_TPO_GUA_dn"
1839,"TOX21_RAR_LUC_Antagonist"
1840,"TOX21_RAR_LUC_Antagonist_viability"
1841,"TOX21_H2AX_HTRF_CHO_Agonist_ch1"
1842,"TOX21_H2AX_HTRF_CHO_Agonist_ch2"
1843,"TOX21_H2AX_HTRF_CHO_Agonist_ratio"
1844,"TOX21_AP1_BLA_Agonist_ch1"
1845,"TOX21_AP1_BLA_Agonist_ch2"
1846,"TOX21_AP1_BLA_Agonist_ratio"
1847,"TOX21_AP1_BLA_Agonist_viability"
1848,"NCCT_QuantiLum_inhib_2_dn"
1852,"ACEA_ER_AUC_viability"
1857,"ACEA_AR_antagonist_AUC_viability"
1858,"STM_H9_Viability_norm"
1854,"TOX21_MMP_ratio_up"
1855,"ACEA_AR_agonist_80hr"
1856,"ACEA_AR_antagonist_80hr"
2037,"NIS_RAIU_inhibition"
2038,"TOX21_TSHR_HTRF_Agonist_ch1"
2039,"TOX21_TSHR_Agonist_ch2"
2040,"TOX21_TSHR_Agonist_ratio"
2041,"TOX21_TSHR_HTRF_Antagonist_ch1"
2042,"TOX21_TSHR_Antagonist_ch2"
2043,"TOX21_TSHR_Antagonist_ratio"
2044,"TOX21_TSHR_wt_HTRF_ch1"
2045,"TOX21_TSHR_wt_ch2"
2046,"TOX21_TSHR_wt_ratio"
2047,"TOX21_CAR_Agonist"
2048,"TOX21_CAR_Agonist_viabillity"
2049,"TOX21_CAR_Antagonist"
2050,"TOX21_CAR_Antagonist_viability"
2053,"TOX21_ERa_LUC_VM7_Antagonist_0.1nM_E2"
2054,"TOX21_ERa_LUC_VM7_Antagonist_0.1nM_E2_viability"
2055,"TOX21_ERR_Agonist"
2057,"TOX21_ERR_Antagonist"
2059,"TOX21_ERR_viability"
2060,"TOX21_H2AX_HTRF_CHO_viability"
2061,"TOX21_HDAC_Inhibition"
2062,"TOX21_HDAC_Inhibition_viability"
2063,"TOX21_HRE_BLA_Agonist_ch1"
2064,"TOX21_HRE_BLA_Agonist_ch2"
2065,"TOX21_HRE_BLA_Agonist_ratio"
2066,"TOX21_HRE_BLA_Agonist_viability"
2067,"TOX21_LUC_Biochem"
2068,"TOX21_PGC_ERR_Agonist"
2070,"TOX21_PGC_ERR_Antagonist"
2072,"TOX21_PGC_ERR_viability"
2074,"TOX21_RT_HEK293_FLO_00hr_viability"
2075,"TOX21_RT_HEK293_FLO_08hr_viability"
2077,"TOX21_RT_HEK293_FLO_16hr_viability"
2078,"TOX21_RT_HEK293_FLO_24hr_viability"
2080,"TOX21_RT_HEK293_FLO_32hr_viability"
2082,"TOX21_RT_HEK293_FLO_40hr_viability"
2084,"TOX21_RT_HEK293_GLO_00hr_viability"
2086,"TOX21_RT_HEK293_GLO_08hr_viability"
2088,"TOX21_RT_HEK293_GLO_16hr_viability"
2089,"TOX21_RT_HEK293_GLO_24hr_viability"
2091,"TOX21_RT_HEK293_GLO_32hr_viability"
2093,"TOX21_RT_HEK293_GLO_40hr_viability"
2094,"TOX21_RT_HEPG2_FLO_00hr_ctrl_viability"
2095,"TOX21_RT_HEPG2_FLO_08hr_viability"
2096,"TOX21_RT_HEPG2_FLO_16hr_ctrl_viability"
2097,"TOX21_RT_HEPG2_FLO_24hr_viability"
2098,"TOX21_RT_HEPG2_FLO_32hr_ctrl_viability"
2099,"TOX21_RT_HEPG2_FLO_40hr_ctrl_viability"
2100,"TOX21_RT_HEPG2_GLO_00hr_ctrl_viability"
2101,"TOX21_RT_HEPG2_GLO_08hr_ctrl_viability"
2102,"TOX21_RT_HEPG2_GLO_16hr_ctrl_viability"
2103,"TOX21_RT_HEPG2_GLO_32hr_ctrl_viability"
2105,"TOX21_RT_HEPG2_GLO_40hr_viability"
2106,"TOX21_SSH_3T3_GLI3_Agonist"
2107,"TOX21_SSH_3T3_GLI3_Agonist_viability"
2108,"TOX21_SSH_3T3_GLI3_Antagonist"
2109,"TOX21_SSH_3T3_GLI3_Antagonist_viability"
2110,"NIS_HEK293T_CTG_Cytotoxicity"
2113,"TOX21_ERb_BLA_Agonist_ch1"
2114,"TOX21_ERb_BLA_Agonist_ch2"
2115,"TOX21_ERb_BLA_Agonist_ratio"
2116,"TOX21_ERb_BLA_Agonist_viability"
2117,"TOX21_ERb_BLA_Antagonist_ch1"
2118,"TOX21_ERb_BLA_Antagonist_ch2"
2119,"TOX21_ERb_BLA_Antagonist_ratio"
2120,"TOX21_ERb_BLA_Antagonist_viability"
2121,"TOX21_PR_BLA_Agonist_ch1"
2122,"TOX21_PR_BLA_Agonist_ch2"
2123,"TOX21_PR_BLA_Agonist_ratio"
2124,"TOX21_PR_BLA_Agonist_viability"
2125,"TOX21_PR_BLA_Antagonist_ch1"
2126,"TOX21_PR_BLA_Antagonist_ch2"
2127,"TOX21_PR_BLA_Antagonist_ratio"
2128,"TOX21_PR_BLA_Antagonist_viability"
2130,"TOX21_DT40_100"
2131,"TOX21_DT40_657"
2142,"CEETOX_H295R_11DCORT_noMTC_dn"
2143,"CEETOX_H295R_11DCORT_noMTC_up"
2144,"CEETOX_H295R_OHPREG_noMTC_dn"
2145,"CEETOX_H295R_OHPREG_noMTC_up"
2146,"CEETOX_H295R_OHPROG_noMTC_dn"
2147,"CEETOX_H295R_OHPROG_noMTC_up"
2148,"CEETOX_H295R_ANDR_noMTC_dn"
2149,"CEETOX_H295R_ANDR_noMTC_up"
2150,"CEETOX_H295R_CORTIC_noMTC_dn"
2151,"CEETOX_H295R_CORTIC_noMTC_up"
2152,"CEETOX_H295R_CORTISOL_noMTC_dn"
2153,"CEETOX_H295R_CORTISOL_noMTC_up"
2156,"CEETOX_H295R_DOC_noMTC_dn"
2157,"CEETOX_H295R_DOC_noMTC_up"
2158,"CEETOX_H295R_ESTRADIOL_noMTC_dn"
2159,"CEETOX_H295R_ESTRADIOL_noMTC_up"
2160,"CEETOX_H295R_ESTRONE_noMTC_dn"
2161,"CEETOX_H295R_ESTRONE_noMTC_up"
2164,"CEETOX_H295R_PROG_noMTC_dn"
2165,"CEETOX_H295R_PROG_noMTC_up"
2166,"CEETOX_H295R_TESTO_noMTC_dn"
2167,"CEETOX_H295R_TESTO_noMTC_up"
2211,"TOX21_ERa_LUC_VM7_Agonist_10nM_ICI182780"
2212,"TOX21_ERa_LUC_VM7_Agonist_10nM_ICI182780_viability"
2213,"TOX21_RT_HEPG2_GLO_24hr_ctrl_viability"
2214,"TOX21_PR_BLA_Followup_Agonist_ch1"
2215,"TOX21_PR_BLA_Followup_Antagonist_ch1"
2216,"TOX21_PR_BLA_Followup_Agonist_ch2"
2217,"TOX21_PR_BLA_Followup_Antagonist_ch2"
2218,"TOX21_PR_BLA_Followup_Agonist_ratio"
2219,"TOX21_PR_BLA_Followup_Antagonist_ratio"
2220,"TOX21_PR_BLA_Followup_Agonist_viability"
2221,"TOX21_PR_BLA_Followup_Antagonist_viability"
2222,"TOX21_PR_LUC_Followup_Agonist"
2223,"TOX21_PR_LUC_Followup_Antagonist"
2224,"TOX21_PR_LUC_Followup_Agonist_viability"
2225,"TOX21_PR_LUC_Followup_Antagonist_viability"
2226,"TOX21_TR_LUC_GH3_Agonist_Followup"
2227,"TOX21_TR_LUC_GH3_Antagonist_Followup"
2228,"TOX21_TRA_COA_Agonist_Followup_ch1"
2229,"TOX21_TRA_COA_Agonist_Followup_ch2"
2230,"TOX21_TRA_COA_Agonist_Followup_ratio"
2231,"TOX21_TRA_COA_Antagonist_Followup_ch1"
2232,"TOX21_TRA_COA_Antagonist_Followup_ch2"
2233,"TOX21_TRA_COA_Antagonist_Followup_ratio"
2234,"TOX21_TRB_BLA_Agonist_Followup_ch1"
2235,"TOX21_TRB_BLA_Agonist_Followup_ch2"
2236,"TOX21_TRB_BLA_Agonist_Followup_ratio"
2237,"TOX21_TRB_BLA_Agonist_Followup_viability"
2238,"TOX21_TRB_BLA_Antagonist_Followup_ch1"
2239,"TOX21_TRB_BLA_Antagonist_Followup_ch2"
2240,"TOX21_TRB_BLA_Antagonist_Followup_ratio"
2241,"TOX21_TRB_BLA_Antagonist_Followup_viability"
2242,"TOX21_TRB_COA_Agonist_Followup_ch1"
2243,"TOX21_TRB_COA_Agonist_Followup_ch2"
2244,"TOX21_TRB_COA_Agonist_Followup_ratio"
2245,"TOX21_TRB_COA_Antagonist_Followup_ch1"
2246,"TOX21_TRB_COA_Antagonist_Followup_ch2"
2247,"TOX21_TRB_COA_Antagonist_Followup_ratio"
2251,"TOX21_TR_RXR_BLA_Agonist_Followup_ch1"
2252,"TOX21_TR_RXR_BLA_Agonist_Followup_ch2"
2253,"TOX21_TR_RXR_BLA_Agonist_Followup_ratio"
2254,"TOX21_TR_RXR_BLA_Agonist_Followup_viability"
2255,"TOX21_TR_RXR_BLA_Antagonist_Followup_ch1"
2256,"TOX21_TR_RXR_BLA_Antagonist_Followup_ch2"
2257,"TOX21_TR_RXR_BLA_Antagonist_Followup_ratio"
2258,"TOX21_TR_RXR_BLA_Antagonist_Followup_viability"
2277,"NVS_ENZ_hPDE1A1"
2278,"NVS_ENZ_hPDE1A1_Activator"
2279,"NVS_ENZ_hPDE1B1"
2280,"NVS_ENZ_hPDE1B1_Activator"
2281,"NVS_ENZ_hPDE2A"
2282,"NVS_ENZ_hPDE2A_Activator"
2283,"NVS_ENZ_hPDE3A"
2284,"NVS_ENZ_hPDE3A_Activator"
2285,"NVS_ENZ_hPDE4B1"
2286,"NVS_ENZ_hPDE4B1_Activator"
2287,"NVS_ENZ_hPDE4C1"
2288,"NVS_ENZ_hPDE4C1_Activator"
2289,"NVS_ENZ_hPDE4D3"
2290,"NVS_ENZ_hPDE4D3_Activator"
2291,"NVS_ENZ_hPDE7A"
2292,"NVS_ENZ_hPDE7A_Activator"
2293,"NVS_ENZ_hPDE8A1"
2294,"NVS_ENZ_hPDE8A1_Activator"
2295,"NVS_ENZ_hPDE9A2"
2296,"NVS_ENZ_hPDE9A2_Activator"
2297,"NCCT_HTTr_Viability_DMEM_6hr"
2298,"NCCT_HTTr_Viability_DMEM_12hr"
2299,"NCCT_HTTr_Viability_DMEM_24hr"
2300,"NCCT_HTTr_Viability_PRF_DMEM_6hr"
2301,"NCCT_HTTr_Viability_PRF_DMEM_12hr"
2302,"NCCT_HTTr_Viability_PRF_DMEM_24hr"
2303,"NCCT_HTTr_Apoptosis_DMEM_6hr"
2304,"NCCT_HTTr_Apoptosis_DMEM_12hr"
2305,"NCCT_HTTr_Apoptosis_DMEM_24hr"
2306,"NCCT_HTTr_Apoptosis_PRF_DMEM_6hr"
2307,"NCCT_HTTr_Apoptosis_PRF_DMEM_12hr"
2308,"NCCT_HTTr_Apoptosis_PRF_DMEM_24hr"
2309,"NHEERL_MED_hDIO1_dn"
2362,"TOX21_PXR_viability"
2363,"TOX21_PXR_Agonist"
2364,"TOX21_TRHR_HEK293_Agonist"
2365,"TOX21_TRHR_HEK293_Antagonist"
2366,"TOX21_CASP3_HEPG2"
2367,"TOX21_CASP3_HEPG2_viability"
2368,"TOX21_CASP3_CHO"
2369,"TOX21_CASP3_CHO_viability"
2370,"TOX21_SBE_BLA_Antagonist_ch1"
2371,"TOX21_SBE_BLA_Antagonist_ch2"
2372,"TOX21_SBE_BLA_Antagonist_ratio"
2373,"TOX21_SBE_BLA_Antagonist_viability"
2374,"TOX21_SBE_BLA_Agonist_ch1"
2375,"TOX21_SBE_BLA_Agonist_ch2"
2376,"TOX21_SBE_BLA_Agonist_ratio"
2377,"TOX21_SBE_BLA_Agonist_viability"
2386,"UPITT_HCI_U2OS_AR_TIF2_Nucleoli_Antagonist"
2387,"UPITT_HCI_U2OS_AR_TIF2_Nucleoli_Agonist"
2390,"UPITT_HCI_U2OS_AR_TIF2_Nucleoli_Cytoplasm_Ratio_Antagonist"
2391,"UPITT_HCI_U2OS_AR_TIF2_Nucleoli_Cytoplasm_Ratio_Agonist"
2442,"NCCT_MITO_basal_resp_rate_OCR_dn"
2443,"NCCT_MITO_basal_resp_rate_OCR_up"
2444,"NCCT_MITO_max_resp_rate_OCR_dn"
2445,"NCCT_MITO_max_resp_rate_OCR_up"
2446,"NCCT_MITO_inhib_resp_rate_OCR_dn"
2447,"NCCT_MITO_inhib_resp_rate_OCR_up"
2450,"NCCT_MITO_viability"
2451,"NCCT_HTTr_Viability_MCF7_DMEM_6hr"
2452,"NCCT_HTTr_Apoptosis_MCF7_DMEM_6hr"
2453,"NCCT_HTTr_CellCount_MCF7_DMEM_6hr"
2532,"NHEERL_MED_hDIO2_dn"
2533,"NHEERL_MED_hDIO3_dn"
